date,split,exercise_id,exercise,log_name,set,reps,weight_lb,per_hand,laterality,skipped,untracked,raw
2026-08-13,push,ex32,Incline Dumbbell Bench Press,Incline dumbbell bench press,1,10,60,yes,,,,"10, 10, 7 @ 60 lb/hand — 27 vs 24 on 08-08"
2026-08-13,push,ex32,Incline Dumbbell Bench Press,Incline dumbbell bench press,2,10,60,yes,,,,"10, 10, 7 @ 60 lb/hand — 27 vs 24 on 08-08"
2026-08-13,push,ex32,Incline Dumbbell Bench Press,Incline dumbbell bench press,3,7,60,yes,,,,"10, 10, 7 @ 60 lb/hand — 27 vs 24 on 08-08"
2026-08-13,push,ex03,Push-up,Push-ups,1,12,,,,,,"12, 12, 12 — 36 vs 29. Clean 3×12"
2026-08-13,push,ex03,Push-up,Push-ups,2,12,,,,,,"12, 12, 12 — 36 vs 29. Clean 3×12"
2026-08-13,push,ex03,Push-up,Push-ups,3,12,,,,,,"12, 12, 12 — 36 vs 29. Clean 3×12"
2026-08-13,push,ex33,Dips,Dips,1,8,,,,,,"8, 10, 8 — 26 vs 23. ""Pretty smoked"" after set 1; still up vs last time"
2026-08-13,push,ex33,Dips,Dips,2,10,,,,,,"8, 10, 8 — 26 vs 23. ""Pretty smoked"" after set 1; still up vs last time"
2026-08-13,push,ex33,Dips,Dips,3,8,,,,,,"8, 10, 8 — 26 vs 23. ""Pretty smoked"" after set 1; still up vs last time"
2026-08-13,push,ex05,Single-Arm Shoulder Press,Shoulder press (single-arm),1,12,20,yes,,,,"12, 11, 8 @ 20 lb/hand — 31 vs 30. Weight not restated; logged at last session's 20"
2026-08-13,push,ex05,Single-Arm Shoulder Press,Shoulder press (single-arm),2,11,20,yes,,,,"12, 11, 8 @ 20 lb/hand — 31 vs 30. Weight not restated; logged at last session's 20"
2026-08-13,push,ex05,Single-Arm Shoulder Press,Shoulder press (single-arm),3,8,20,yes,,,,"12, 11, 8 @ 20 lb/hand — 31 vs 30. Weight not restated; logged at last session's 20"
2026-08-13,push,ex40,TRX Tricep Extension,TRX tricep extensions,1,9,,,,,,"9, 12, 12 — 33 vs 33. First set 9, then 12/12"
2026-08-13,push,ex40,TRX Tricep Extension,TRX tricep extensions,2,12,,,,,,"9, 12, 12 — 33 vs 33. First set 9, then 12/12"
2026-08-13,push,ex40,TRX Tricep Extension,TRX tricep extensions,3,12,,,,,,"9, 12, 12 — 33 vs 33. First set 9, then 12/12"
2026-08-10,pull,ex20,Chin-Up,Chin-ups,1,9,,,,,,"9, 7, 7 — 23 vs 25 on 08-05"
2026-08-10,pull,ex20,Chin-Up,Chin-ups,2,7,,,,,,"9, 7, 7 — 23 vs 25 on 08-05"
2026-08-10,pull,ex20,Chin-Up,Chin-ups,3,7,,,,,,"9, 7, 7 — 23 vs 25 on 08-05"
2026-08-10,pull,ex21,Face Pull,TRX face pulls,1,17,,,,,,"17, 19, 14 — 50, NEW. No baseline; replaces TRX rows (56 on 08-05, different movement)"
2026-08-10,pull,ex21,Face Pull,TRX face pulls,2,19,,,,,,"17, 19, 14 — 50, NEW. No baseline; replaces TRX rows (56 on 08-05, different movement)"
2026-08-10,pull,ex21,Face Pull,TRX face pulls,3,14,,,,,,"17, 19, 14 — 50, NEW. No baseline; replaces TRX rows (56 on 08-05, different movement)"
2026-08-10,pull,ex-yfly,TRX Y-Fly,Curtain openers (TRX Y flies),1,11,,,,,,"11, 10, 9 — 30 vs 43. Ran second behind face pulls, which had already"
2026-08-10,pull,ex-yfly,TRX Y-Fly,Curtain openers (TRX Y flies),2,10,,,,,,"11, 10, 9 — 30 vs 43. Ran second behind face pulls, which had already"
2026-08-10,pull,ex-yfly,TRX Y-Fly,Curtain openers (TRX Y flies),3,9,,,,,,"11, 10, 9 — 30 vs 43. Ran second behind face pulls, which had already"
2026-08-10,pull,ex18,Dumbbell Upright Row,Dumbbell upright rows,1,10,40,yes,,,,"10, 8, 7 @ 40 lb/hand — 25 vs 26. **Weight note:** earlier entries logged as"
2026-08-10,pull,ex18,Dumbbell Upright Row,Dumbbell upright rows,2,8,40,yes,,,,"10, 8, 7 @ 40 lb/hand — 25 vs 26. **Weight note:** earlier entries logged as"
2026-08-10,pull,ex18,Dumbbell Upright Row,Dumbbell upright rows,3,7,40,yes,,,,"10, 8, 7 @ 40 lb/hand — 25 vs 26. **Weight note:** earlier entries logged as"
2026-08-10,pull,ex-altcurl,Alternating Dumbbell Curl,Alternating dumbbell curls,1,10,40,yes,,,,"10, 9, 10 @ 40 lb/hand — 29, NEW. Replaces incline hammer curls (18 on 08-05"
2026-08-10,pull,ex-altcurl,Alternating Dumbbell Curl,Alternating dumbbell curls,2,9,40,yes,,,,"10, 9, 10 @ 40 lb/hand — 29, NEW. Replaces incline hammer curls (18 on 08-05"
2026-08-10,pull,ex-altcurl,Alternating Dumbbell Curl,Alternating dumbbell curls,3,10,40,yes,,,,"10, 9, 10 @ 40 lb/hand — 29, NEW. Replaces incline hammer curls (18 on 08-05"
2026-08-09,legs,ex-bss-sprinter,Bulgarian Split Squat (sprinter-lean),"Bulgarian split squats, sprinter-lean (torso forward, posterior-chain bias)",1,6,25,yes,per_leg,,,"6, 12, 8 /leg @ 25 lb/hand"
2026-08-09,legs,ex-bss-sprinter,Bulgarian Split Squat (sprinter-lean),"Bulgarian split squats, sprinter-lean (torso forward, posterior-chain bias)",2,12,25,yes,per_leg,,,"6, 12, 8 /leg @ 25 lb/hand"
2026-08-09,legs,ex-bss-sprinter,Bulgarian Split Squat (sprinter-lean),"Bulgarian split squats, sprinter-lean (torso forward, posterior-chain bias)",3,8,25,yes,per_leg,,,"6, 12, 8 /leg @ 25 lb/hand"
2026-08-09,legs,ex-bss-upright,Bulgarian Split Squat (upright),"Bulgarian split squats, upright (torso perpendicular, quad bias)",1,8,25,yes,per_leg,,,"8 /leg @ 25 lb/hand — 1 set, to test"
2026-08-09,legs,ex-trx-squat,TRX Squat,TRX squats,1,20,,,,,,"20, 20, 20 — matched 07-28's best"
2026-08-09,legs,ex-trx-squat,TRX Squat,TRX squats,2,20,,,,,,"20, 20, 20 — matched 07-28's best"
2026-08-09,legs,ex-trx-squat,TRX Squat,TRX squats,3,20,,,,,,"20, 20, 20 — matched 07-28's best"
2026-08-08,push,ex32,Incline Dumbbell Bench Press,Incline dumbbell bench press,1,10,60,yes,,,,"10, 8, 6 @ 60 lb/hand — 24 vs 29 on 08-01"
2026-08-08,push,ex32,Incline Dumbbell Bench Press,Incline dumbbell bench press,2,8,60,yes,,,,"10, 8, 6 @ 60 lb/hand — 24 vs 29 on 08-01"
2026-08-08,push,ex32,Incline Dumbbell Bench Press,Incline dumbbell bench press,3,6,60,yes,,,,"10, 8, 6 @ 60 lb/hand — 24 vs 29 on 08-01"
2026-08-08,push,ex03,Push-up,Push-ups,1,12,,,,,,"12, 9, 8 — 29 vs 32"
2026-08-08,push,ex03,Push-up,Push-ups,2,9,,,,,,"12, 9, 8 — 29 vs 32"
2026-08-08,push,ex03,Push-up,Push-ups,3,8,,,,,,"12, 9, 8 — 29 vs 32"
2026-08-08,push,ex33,Dips,Dips,1,7,,,,,,"7, 9, 7 — 23 vs 33"
2026-08-08,push,ex33,Dips,Dips,2,9,,,,,,"7, 9, 7 — 23 vs 33"
2026-08-08,push,ex33,Dips,Dips,3,7,,,,,,"7, 9, 7 — 23 vs 33"
2026-08-08,push,ex05,Single-Arm Shoulder Press,Shoulder press (single-arm),1,10,20,yes,,,,"10, 10, 10 @ 20 lb/hand — dropped from 30 to 20; 30 reps vs 24, and the"
2026-08-08,push,ex05,Single-Arm Shoulder Press,Shoulder press (single-arm),2,10,20,yes,,,,"10, 10, 10 @ 20 lb/hand — dropped from 30 to 20; 30 reps vs 24, and the"
2026-08-08,push,ex05,Single-Arm Shoulder Press,Shoulder press (single-arm),3,10,20,yes,,,,"10, 10, 10 @ 20 lb/hand — dropped from 30 to 20; 30 reps vs 24, and the"
2026-08-08,push,ex40,TRX Tricep Extension,TRX tricep extensions,1,12,,,,,,"12, 11, 10 — 33 vs 36"
2026-08-08,push,ex40,TRX Tricep Extension,TRX tricep extensions,2,11,,,,,,"12, 11, 10 — 33 vs 36"
2026-08-08,push,ex40,TRX Tricep Extension,TRX tricep extensions,3,10,,,,,,"12, 11, 10 — 33 vs 36"
2026-08-05,pull,ex20,Chin-Up,Chin-ups,1,10,,,,,,"10, 8, 7 — 25 vs 29 on 07-31, at a deliberate slow tempo"
2026-08-05,pull,ex20,Chin-Up,Chin-ups,2,8,,,,,,"10, 8, 7 — 25 vs 29 on 07-31, at a deliberate slow tempo"
2026-08-05,pull,ex20,Chin-Up,Chin-ups,3,7,,,,,,"10, 8, 7 — 25 vs 29 on 07-31, at a deliberate slow tempo"
2026-08-05,pull,ex49,TRX T-Row,TRX rows,1,20,,,,,,"20, 16, 20 — 56 vs 63"
2026-08-05,pull,ex49,TRX T-Row,TRX rows,2,16,,,,,,"20, 16, 20 — 56 vs 63"
2026-08-05,pull,ex49,TRX T-Row,TRX rows,3,20,,,,,,"20, 16, 20 — 56 vs 63"
2026-08-05,pull,ex-yfly,TRX Y-Fly,Curtain openers (TRX Y flies),1,14,,,,,,"14, 16, 13 — 43 vs 48"
2026-08-05,pull,ex-yfly,TRX Y-Fly,Curtain openers (TRX Y flies),2,16,,,,,,"14, 16, 13 — 43 vs 48"
2026-08-05,pull,ex-yfly,TRX Y-Fly,Curtain openers (TRX Y flies),3,13,,,,,,"14, 16, 13 — 43 vs 48"
2026-08-05,pull,ex18,Dumbbell Upright Row,Dumbbell upright rows,1,9,45,,,,,"9, 9, 8 @ 45 lb — 26 vs 35"
2026-08-05,pull,ex18,Dumbbell Upright Row,Dumbbell upright rows,2,9,45,,,,,"9, 9, 8 @ 45 lb — 26 vs 35"
2026-08-05,pull,ex18,Dumbbell Upright Row,Dumbbell upright rows,3,8,45,,,,,"9, 9, 8 @ 45 lb — 26 vs 35"
2026-08-05,pull,ex25,Incline Hammer Curl,Incline dumbbell hammer curls,1,7,40,,,,,"7, 6, 5 @ 40 lb — 18 vs 25"
2026-08-05,pull,ex25,Incline Hammer Curl,Incline dumbbell hammer curls,2,6,40,,,,,"7, 6, 5 @ 40 lb — 18 vs 25"
2026-08-05,pull,ex25,Incline Hammer Curl,Incline dumbbell hammer curls,3,5,40,,,,,"7, 6, 5 @ 40 lb — 18 vs 25"
2026-08-02,legs,ex-dl,Dumbbell Deadlift,Dumbbell deadlifts,1,13,80,yes,,,,"13, 13, 13 @ 80 lb/hand — 39 vs 35 on 07-28, all three sets even; grip held"
2026-08-02,legs,ex-dl,Dumbbell Deadlift,Dumbbell deadlifts,2,13,80,yes,,,,"13, 13, 13 @ 80 lb/hand — 39 vs 35 on 07-28, all three sets even; grip held"
2026-08-02,legs,ex-dl,Dumbbell Deadlift,Dumbbell deadlifts,3,13,80,yes,,,,"13, 13, 13 @ 80 lb/hand — 39 vs 35 on 07-28, all three sets even; grip held"
2026-08-02,legs,ex36,Stiff-Legged Deadlift,Stiff-legged deadlifts,1,10,80,yes,,,,"10, 10, 10 @ 80 lb/hand — 30 vs 27; clean 3×10 at the weight that broke down last time"
2026-08-02,legs,ex36,Stiff-Legged Deadlift,Stiff-legged deadlifts,2,10,80,yes,,,,"10, 10, 10 @ 80 lb/hand — 30 vs 27; clean 3×10 at the weight that broke down last time"
2026-08-02,legs,ex36,Stiff-Legged Deadlift,Stiff-legged deadlifts,3,10,80,yes,,,,"10, 10, 10 @ 80 lb/hand — 30 vs 27; clean 3×10 at the weight that broke down last time"
2026-08-02,legs,ex-trx-squat,TRX Squat,TRX squats,1,20,,,,,,"20, 20, 15 — 55 vs 60, but at a new leaned-back angle"
2026-08-02,legs,ex-trx-squat,TRX Squat,TRX squats,2,20,,,,,,"20, 20, 15 — 55 vs 60, but at a new leaned-back angle"
2026-08-02,legs,ex-trx-squat,TRX Squat,TRX squats,3,15,,,,,,"20, 20, 15 — 55 vs 60, but at a new leaned-back angle"
2026-08-02,legs,ex15,Calf Raise,Calf raises,,,,,,,yes,"3 sets to exhaustion (standing rule, untracked)"
2026-08-02,legs,ex35,Glute Bridge,Glute bridges,1,30,80,,,,,"30, 30, 30 @ 80 lb — matched 07-28"
2026-08-02,legs,ex35,Glute Bridge,Glute bridges,2,30,80,,,,,"30, 30, 30 @ 80 lb — matched 07-28"
2026-08-02,legs,ex35,Glute Bridge,Glute bridges,3,30,80,,,,,"30, 30, 30 @ 80 lb — matched 07-28"
2026-08-01,push,ex32,Incline Dumbbell Bench Press,Incline dumbbell bench press,1,10,60,yes,,,,"10, 10, 9 @ 60 lb/hand — 29 total, tied 07-26 (10, 11, 8); did not beat it"
2026-08-01,push,ex32,Incline Dumbbell Bench Press,Incline dumbbell bench press,2,10,60,yes,,,,"10, 10, 9 @ 60 lb/hand — 29 total, tied 07-26 (10, 11, 8); did not beat it"
2026-08-01,push,ex32,Incline Dumbbell Bench Press,Incline dumbbell bench press,3,9,60,yes,,,,"10, 10, 9 @ 60 lb/hand — 29 total, tied 07-26 (10, 11, 8); did not beat it"
2026-08-01,push,ex03,Push-up,Push-ups,1,12,,,,,,"12, 11, 9 — 32 total, +2 vs 07-26 and +1 over the previous best of 31 on 07-19"
2026-08-01,push,ex03,Push-up,Push-ups,2,11,,,,,,"12, 11, 9 — 32 total, +2 vs 07-26 and +1 over the previous best of 31 on 07-19"
2026-08-01,push,ex03,Push-up,Push-ups,3,9,,,,,,"12, 11, 9 — 32 total, +2 vs 07-26 and +1 over the previous best of 31 on 07-19"
2026-08-01,push,ex33,Dips,Dips,1,12,,,,,,"12, 11, 10 — 33 total, +1 vs 07-26"
2026-08-01,push,ex33,Dips,Dips,2,11,,,,,,"12, 11, 10 — 33 total, +1 vs 07-26"
2026-08-01,push,ex33,Dips,Dips,3,10,,,,,,"12, 11, 10 — 33 total, +1 vs 07-26"
2026-08-01,push,ex05,Single-Arm Shoulder Press,Shoulder press (single-arm),1,10,30,yes,,,,"10, 7, 7 @ 30 lb/hand — 24 total vs 27 on 07-26; intentionally held back because shoulders felt a little weird, prioritizing safety over the rep target"
2026-08-01,push,ex05,Single-Arm Shoulder Press,Shoulder press (single-arm),2,7,30,yes,,,,"10, 7, 7 @ 30 lb/hand — 24 total vs 27 on 07-26; intentionally held back because shoulders felt a little weird, prioritizing safety over the rep target"
2026-08-01,push,ex05,Single-Arm Shoulder Press,Shoulder press (single-arm),3,7,30,yes,,,,"10, 7, 7 @ 30 lb/hand — 24 total vs 27 on 07-26; intentionally held back because shoulders felt a little weird, prioritizing safety over the rep target"
2026-08-01,push,ex40,TRX Tricep Extension,TRX tricep extensions,1,12,,,,,,"12, 12, 12 — 36 total, +1 vs 07-26; clean 3×12"
2026-08-01,push,ex40,TRX Tricep Extension,TRX tricep extensions,2,12,,,,,,"12, 12, 12 — 36 total, +1 vs 07-26; clean 3×12"
2026-08-01,push,ex40,TRX Tricep Extension,TRX tricep extensions,3,12,,,,,,"12, 12, 12 — 36 total, +1 vs 07-26; clean 3×12"
2026-07-31,pull,ex20,Chin-Up,Chin-ups,1,10,,,,,,"10, 10, 9 — 29 vs 28 on 07-24"
2026-07-31,pull,ex20,Chin-Up,Chin-ups,2,10,,,,,,"10, 10, 9 — 29 vs 28 on 07-24"
2026-07-31,pull,ex20,Chin-Up,Chin-ups,3,9,,,,,,"10, 10, 9 — 29 vs 28 on 07-24"
2026-07-31,pull,ex49,TRX T-Row,TRX rows,1,25,,,,,,"25, 20, 18 — 63 vs 75, but at the steeper foot angle; the drop-off is the point, 25s no longer free"
2026-07-31,pull,ex49,TRX T-Row,TRX rows,2,20,,,,,,"25, 20, 18 — 63 vs 75, but at the steeper foot angle; the drop-off is the point, 25s no longer free"
2026-07-31,pull,ex49,TRX T-Row,TRX rows,3,18,,,,,,"25, 20, 18 — 63 vs 75, but at the steeper foot angle; the drop-off is the point, 25s no longer free"
2026-07-31,pull,ex-yfly,TRX Y-Fly,Curtain openers (TRX Y flies),1,16,,,,,,"16, 16, 16 — 48 vs 44"
2026-07-31,pull,ex-yfly,TRX Y-Fly,Curtain openers (TRX Y flies),2,16,,,,,,"16, 16, 16 — 48 vs 44"
2026-07-31,pull,ex-yfly,TRX Y-Fly,Curtain openers (TRX Y flies),3,16,,,,,,"16, 16, 16 — 48 vs 44"
2026-07-31,pull,ex18,Dumbbell Upright Row,Dumbbell upright rows,1,12,45,,,,,"12, 12, 11 @ 45 lb — dropped from 50 for clean full range; 35 vs 28, one rep off 3×12"
2026-07-31,pull,ex18,Dumbbell Upright Row,Dumbbell upright rows,2,12,45,,,,,"12, 12, 11 @ 45 lb — dropped from 50 for clean full range; 35 vs 28, one rep off 3×12"
2026-07-31,pull,ex18,Dumbbell Upright Row,Dumbbell upright rows,3,11,45,,,,,"12, 12, 11 @ 45 lb — dropped from 50 for clean full range; 35 vs 28, one rep off 3×12"
2026-07-31,pull,ex25,Incline Hammer Curl,Incline dumbbell hammer curls,1,10,40,,,,,"10, 7, 8 @ 40 lb — 25 vs 28, the only lift down"
2026-07-31,pull,ex25,Incline Hammer Curl,Incline dumbbell hammer curls,2,7,40,,,,,"10, 7, 8 @ 40 lb — 25 vs 28, the only lift down"
2026-07-31,pull,ex25,Incline Hammer Curl,Incline dumbbell hammer curls,3,8,40,,,,,"10, 7, 8 @ 40 lb — 25 vs 28, the only lift down"
2026-07-28,legs,ex-dl,Dumbbell Deadlift,Dumbbell deadlifts,1,12,80,yes,,,,"12, 10, 13 @ 80 lb/hand — took the bump from 70; 35 reps vs 37, but volume 2800 vs 2590/hand"
2026-07-28,legs,ex-dl,Dumbbell Deadlift,Dumbbell deadlifts,2,10,80,yes,,,,"12, 10, 13 @ 80 lb/hand — took the bump from 70; 35 reps vs 37, but volume 2800 vs 2590/hand"
2026-07-28,legs,ex-dl,Dumbbell Deadlift,Dumbbell deadlifts,3,13,80,yes,,,,"12, 10, 13 @ 80 lb/hand — took the bump from 70; 35 reps vs 37, but volume 2800 vs 2590/hand"
2026-07-28,legs,ex36,Stiff-Legged Deadlift,Stiff-legged deadlifts,1,10,80,yes,,,,"10, 10, 7 @ 80 lb/hand — grip failed before the legs did on all three"
2026-07-28,legs,ex36,Stiff-Legged Deadlift,Stiff-legged deadlifts,2,10,80,yes,,,,"10, 10, 7 @ 80 lb/hand — grip failed before the legs did on all three"
2026-07-28,legs,ex36,Stiff-Legged Deadlift,Stiff-legged deadlifts,3,7,80,yes,,,,"10, 10, 7 @ 80 lb/hand — grip failed before the legs did on all three"
2026-07-28,legs,ex-trx-squat,TRX Squat,TRX squats,1,20,,,,,,"20, 20, 20 — 60 vs 58, beat it"
2026-07-28,legs,ex-trx-squat,TRX Squat,TRX squats,2,20,,,,,,"20, 20, 20 — 60 vs 58, beat it"
2026-07-28,legs,ex-trx-squat,TRX Squat,TRX squats,3,20,,,,,,"20, 20, 20 — 60 vs 58, beat it"
2026-07-28,legs,ex15,Calf Raise,Calf raises,,,,,,,yes,"to exhaustion (standing rule, untracked)"
2026-07-28,legs,ex35,Glute Bridge,Glute bridges,1,30,80,,,,,"30, 30, 30 @ 80 lb — same reps at +10 lb"
2026-07-28,legs,ex35,Glute Bridge,Glute bridges,2,30,80,,,,,"30, 30, 30 @ 80 lb — same reps at +10 lb"
2026-07-28,legs,ex35,Glute Bridge,Glute bridges,3,30,80,,,,,"30, 30, 30 @ 80 lb — same reps at +10 lb"
2026-07-28,legs,ex47,Box Step-up,Box step-ups,,,,,,yes,,skipped
2026-07-26,push,ex32,Incline Dumbbell Bench Press,Incline dumbbell bench press,1,10,60,yes,,,,"10, 11, 8 @ 60 lb/hand — 29 vs 28 on 07-19"
2026-07-26,push,ex32,Incline Dumbbell Bench Press,Incline dumbbell bench press,2,11,60,yes,,,,"10, 11, 8 @ 60 lb/hand — 29 vs 28 on 07-19"
2026-07-26,push,ex32,Incline Dumbbell Bench Press,Incline dumbbell bench press,3,8,60,yes,,,,"10, 11, 8 @ 60 lb/hand — 29 vs 28 on 07-19"
2026-07-26,push,ex03,Push-up,Push-ups,1,11,,,,,,"11, 11, 8 — 30 vs 31; went for 3×11, third set fell off"
2026-07-26,push,ex03,Push-up,Push-ups,2,11,,,,,,"11, 11, 8 — 30 vs 31; went for 3×11, third set fell off"
2026-07-26,push,ex03,Push-up,Push-ups,3,8,,,,,,"11, 11, 8 — 30 vs 31; went for 3×11, third set fell off"
2026-07-26,push,ex33,Dips,Dips,1,12,,,,,,"12, 10, 10 — 32 vs 27 on 07-13 (07-19 morning dips never numbered)"
2026-07-26,push,ex33,Dips,Dips,2,10,,,,,,"12, 10, 10 — 32 vs 27 on 07-13 (07-19 morning dips never numbered)"
2026-07-26,push,ex33,Dips,Dips,3,10,,,,,,"12, 10, 10 — 32 vs 27 on 07-13 (07-19 morning dips never numbered)"
2026-07-26,push,ex05,Single-Arm Shoulder Press,Shoulder press (single-arm),1,10,30,yes,,,,"10, 9, 8 @ 30 lb/hand — first session at 30 after clearing 3×12 at 25; volume 810 vs 875, est. 1RM 40 vs 36. Holding 30 until 12/12/12"
2026-07-26,push,ex05,Single-Arm Shoulder Press,Shoulder press (single-arm),2,9,30,yes,,,,"10, 9, 8 @ 30 lb/hand — first session at 30 after clearing 3×12 at 25; volume 810 vs 875, est. 1RM 40 vs 36. Holding 30 until 12/12/12"
2026-07-26,push,ex05,Single-Arm Shoulder Press,Shoulder press (single-arm),3,8,30,yes,,,,"10, 9, 8 @ 30 lb/hand — first session at 30 after clearing 3×12 at 25; volume 810 vs 875, est. 1RM 40 vs 36. Holding 30 until 12/12/12"
2026-07-26,push,ex40,TRX Tricep Extension,TRX tricep extensions,1,11,,,,,,"11, 12, 12 — 35 vs 31"
2026-07-26,push,ex40,TRX Tricep Extension,TRX tricep extensions,2,12,,,,,,"11, 12, 12 — 35 vs 31"
2026-07-26,push,ex40,TRX Tricep Extension,TRX tricep extensions,3,12,,,,,,"11, 12, 12 — 35 vs 31"
2026-07-24,pull,ex20,Chin-Up,Chin-ups,1,10,,,,,,"10, 10, 8 — 28 vs 27 on 07-17"
2026-07-24,pull,ex20,Chin-Up,Chin-ups,2,10,,,,,,"10, 10, 8 — 28 vs 27 on 07-17"
2026-07-24,pull,ex20,Chin-Up,Chin-ups,3,8,,,,,,"10, 10, 8 — 28 vs 27 on 07-17"
2026-07-24,pull,ex49,TRX T-Row,TRX rows (T's),1,25,,,,,,"25, 25, 25 — 75 vs 65; all three capped at exactly 25, not hard"
2026-07-24,pull,ex49,TRX T-Row,TRX rows (T's),2,25,,,,,,"25, 25, 25 — 75 vs 65; all three capped at exactly 25, not hard"
2026-07-24,pull,ex49,TRX T-Row,TRX rows (T's),3,25,,,,,,"25, 25, 25 — 75 vs 65; all three capped at exactly 25, not hard"
2026-07-24,pull,ex-yfly,TRX Y-Fly,Curtain openers (TRX Y flies),1,14,,,,,,"14, 15, 15 — 44 vs 41"
2026-07-24,pull,ex-yfly,TRX Y-Fly,Curtain openers (TRX Y flies),2,15,,,,,,"14, 15, 15 — 44 vs 41"
2026-07-24,pull,ex-yfly,TRX Y-Fly,Curtain openers (TRX Y flies),3,15,,,,,,"14, 15, 15 — 44 vs 41"
2026-07-24,pull,ex18,Dumbbell Upright Row,Dumbbell upright rows,1,9,,,,,,"9, 10, 9 @ 50 — 28, dead even with 07-17, but mostly clean instead of mostly not"
2026-07-24,pull,ex18,Dumbbell Upright Row,Dumbbell upright rows,2,10,,,,,,"9, 10, 9 @ 50 — 28, dead even with 07-17, but mostly clean instead of mostly not"
2026-07-24,pull,ex18,Dumbbell Upright Row,Dumbbell upright rows,3,9,,,,,,"9, 10, 9 @ 50 — 28, dead even with 07-17, but mostly clean instead of mostly not"
2026-07-24,pull,ex25,Incline Hammer Curl,Incline dumbbell hammer curls,1,10,,,,,,"10, 9, 9 @ 40 — 28 vs 26"
2026-07-24,pull,ex25,Incline Hammer Curl,Incline dumbbell hammer curls,2,9,,,,,,"10, 9, 9 @ 40 — 28 vs 26"
2026-07-24,pull,ex25,Incline Hammer Curl,Incline dumbbell hammer curls,3,9,,,,,,"10, 9, 9 @ 40 — 28 vs 26"
2026-07-23,legs,ex-dl,Dumbbell Deadlift,Dumbbell deadlifts,1,12,70,yes,,,,"12, 12, 13 @ 70 lb/hand — clear 80s next time"
2026-07-23,legs,ex-dl,Dumbbell Deadlift,Dumbbell deadlifts,2,12,70,yes,,,,"12, 12, 13 @ 70 lb/hand — clear 80s next time"
2026-07-23,legs,ex-dl,Dumbbell Deadlift,Dumbbell deadlifts,3,13,70,yes,,,,"12, 12, 13 @ 70 lb/hand — clear 80s next time"
2026-07-23,legs,ex36,Stiff-Legged Deadlift,Stiff-legged deadlifts,1,12,70,yes,,,,"12, 12, 12 @ 70 lb/hand — 80s next time too"
2026-07-23,legs,ex36,Stiff-Legged Deadlift,Stiff-legged deadlifts,2,12,70,yes,,,,"12, 12, 12 @ 70 lb/hand — 80s next time too"
2026-07-23,legs,ex36,Stiff-Legged Deadlift,Stiff-legged deadlifts,3,12,70,yes,,,,"12, 12, 12 @ 70 lb/hand — 80s next time too"
2026-07-23,legs,ex-trx-squat,TRX Squat,TRX squats,1,20,,,,,,"20, 20, 18"
2026-07-23,legs,ex-trx-squat,TRX Squat,TRX squats,2,20,,,,,,"20, 20, 18"
2026-07-23,legs,ex-trx-squat,TRX Squat,TRX squats,3,18,,,,,,"20, 20, 18"
2026-07-23,legs,ex15,Calf Raise,Calf raises,,,,,,,yes,"3 sets to exhaustion (standing rule: always to exhaustion, untracked)"
2026-07-23,legs,ex35,Glute Bridge,Glute bridges,1,30,70,,,,,"30, 30, 30 @ 70 lb on pelvis"
2026-07-23,legs,ex35,Glute Bridge,Glute bridges,2,30,70,,,,,"30, 30, 30 @ 70 lb on pelvis"
2026-07-23,legs,ex35,Glute Bridge,Glute bridges,3,30,70,,,,,"30, 30, 30 @ 70 lb on pelvis"
2026-07-23,legs,ex47,Box Step-up,Box step-ups,1,10,,,per_leg,,,10/leg — the shatter-test finisher
2026-07-19,push,ex32,Incline Dumbbell Bench Press,Incline dumbbell bench press,1,10,60,yes,,,,"10, 10, 8 @ 60 lb/hand — 28 vs 26 on 07-13, +7.7%; chest pre-smoked from morning dips"
2026-07-19,push,ex32,Incline Dumbbell Bench Press,Incline dumbbell bench press,2,10,60,yes,,,,"10, 10, 8 @ 60 lb/hand — 28 vs 26 on 07-13, +7.7%; chest pre-smoked from morning dips"
2026-07-19,push,ex32,Incline Dumbbell Bench Press,Incline dumbbell bench press,3,8,60,yes,,,,"10, 10, 8 @ 60 lb/hand — 28 vs 26 on 07-13, +7.7%; chest pre-smoked from morning dips"
2026-07-19,push,ex03,Push-up,Push-ups,1,11,,,,,,"11, 10, 10 — 31 vs 29"
2026-07-19,push,ex03,Push-up,Push-ups,2,10,,,,,,"11, 10, 10 — 31 vs 29"
2026-07-19,push,ex03,Push-up,Push-ups,3,10,,,,,,"11, 10, 10 — 31 vs 29"
2026-07-19,push,ex40,TRX Tricep Extension,TRX tricep extensions,1,11,,,,,,"11, 10, 10 — 31 vs 29"
2026-07-19,push,ex40,TRX Tricep Extension,TRX tricep extensions,2,10,,,,,,"11, 10, 10 — 31 vs 29"
2026-07-19,push,ex40,TRX Tricep Extension,TRX tricep extensions,3,10,,,,,,"11, 10, 10 — 31 vs 29"
2026-07-19,push,ex05,Single-Arm Shoulder Press,Shoulder press (single-arm),1,13,25,,,,,"13, 11, 11 @ 25 lb — 35 vs 32"
2026-07-19,push,ex05,Single-Arm Shoulder Press,Shoulder press (single-arm),2,11,25,,,,,"13, 11, 11 @ 25 lb — 35 vs 32"
2026-07-19,push,ex05,Single-Arm Shoulder Press,Shoulder press (single-arm),3,11,25,,,,,"13, 11, 11 @ 25 lb — 35 vs 32"
2026-07-19,push,ex33,Dips,Dips,,,,,,yes,,skipped (3 sets done in the morning); carbs/protein light today
2026-07-17,pull,ex20,Chin-Up,Chin-ups,1,12,,,,,,"12, 9, 6 — 27 vs 28 on 07-05; 12-day gap, no groove work"
2026-07-17,pull,ex20,Chin-Up,Chin-ups,2,9,,,,,,"12, 9, 6 — 27 vs 28 on 07-05; 12-day gap, no groove work"
2026-07-17,pull,ex20,Chin-Up,Chin-ups,3,6,,,,,,"12, 9, 6 — 27 vs 28 on 07-05; 12-day gap, no groove work"
2026-07-17,pull,ex49,TRX T-Row,TRX T's (T-pose rows),1,25,,,,,,"25, 20, 20 — 65 vs 47 on 06-22, big jump"
2026-07-17,pull,ex49,TRX T-Row,TRX T's (T-pose rows),2,20,,,,,,"25, 20, 20 — 65 vs 47 on 06-22, big jump"
2026-07-17,pull,ex49,TRX T-Row,TRX T's (T-pose rows),3,20,,,,,,"25, 20, 20 — 65 vs 47 on 06-22, big jump"
2026-07-17,pull,ex-yfly,TRX Y-Fly,Curtain openers (TRX Y flies),1,14,,,,,,"14, 14, 13 — 41 vs 36 on 06-22"
2026-07-17,pull,ex-yfly,TRX Y-Fly,Curtain openers (TRX Y flies),2,14,,,,,,"14, 14, 13 — 41 vs 36 on 06-22"
2026-07-17,pull,ex-yfly,TRX Y-Fly,Curtain openers (TRX Y flies),3,13,,,,,,"14, 14, 13 — 41 vs 36 on 06-22"
2026-07-17,pull,ex18,Dumbbell Upright Row,Dumbbell upright rows,1,10,,,,,,"10, 10, 8 @ 50 — 28 vs 27 on 07-05; felt not-clean, add shrugs on off days"
2026-07-17,pull,ex18,Dumbbell Upright Row,Dumbbell upright rows,2,10,,,,,,"10, 10, 8 @ 50 — 28 vs 27 on 07-05; felt not-clean, add shrugs on off days"
2026-07-17,pull,ex18,Dumbbell Upright Row,Dumbbell upright rows,3,8,,,,,,"10, 10, 8 @ 50 — 28 vs 27 on 07-05; felt not-clean, add shrugs on off days"
2026-07-17,pull,ex25,Incline Hammer Curl,Incline dumbbell hammer curls,1,9,,,,,,"9, 9, 8 @ 40 — 26 vs 24 on 07-05"
2026-07-17,pull,ex25,Incline Hammer Curl,Incline dumbbell hammer curls,2,9,,,,,,"9, 9, 8 @ 40 — 26 vs 24 on 07-05"
2026-07-17,pull,ex25,Incline Hammer Curl,Incline dumbbell hammer curls,3,8,,,,,,"9, 9, 8 @ 40 — 26 vs 24 on 07-05"
2026-07-13,push,ex32,Incline Dumbbell Bench Press,Incline dumbbell bench press,1,12,60,yes,,,,"12, 9, 5 @ 60 lb/hand — 26 total vs 27 on 07-03; front-loaded, first 12 at 60"
2026-07-13,push,ex32,Incline Dumbbell Bench Press,Incline dumbbell bench press,2,9,60,yes,,,,"12, 9, 5 @ 60 lb/hand — 26 total vs 27 on 07-03; front-loaded, first 12 at 60"
2026-07-13,push,ex32,Incline Dumbbell Bench Press,Incline dumbbell bench press,3,5,60,yes,,,,"12, 9, 5 @ 60 lb/hand — 26 total vs 27 on 07-03; front-loaded, first 12 at 60"
2026-07-13,push,ex33,Dips,Dips,1,11,,,,,,"11, 9, 7 — target hit exactly, beats 10/8/5"
2026-07-13,push,ex33,Dips,Dips,2,9,,,,,,"11, 9, 7 — target hit exactly, beats 10/8/5"
2026-07-13,push,ex33,Dips,Dips,3,7,,,,,,"11, 9, 7 — target hit exactly, beats 10/8/5"
2026-07-13,push,ex03,Push-up,Push-ups,1,12,,,,,,"12, 9, 8 — target hit, beats 10/8/7"
2026-07-13,push,ex03,Push-up,Push-ups,2,9,,,,,,"12, 9, 8 — target hit, beats 10/8/7"
2026-07-13,push,ex03,Push-up,Push-ups,3,8,,,,,,"12, 9, 8 — target hit, beats 10/8/7"
2026-07-13,push,ex40,TRX Tricep Extension,TRX tricep extensions,1,10,,,,,,"10, 9, 10 — 29 vs 28"
2026-07-13,push,ex40,TRX Tricep Extension,TRX tricep extensions,2,9,,,,,,"10, 9, 10 — 29 vs 28"
2026-07-13,push,ex40,TRX Tricep Extension,TRX tricep extensions,3,10,,,,,,"10, 9, 10 — 29 vs 28"
2026-07-13,push,ex05,Single-Arm Shoulder Press,Shoulder press (single-arm),1,12,25,,,,,"12, 10, 10 @ 25 lb — 32 vs 31"
2026-07-13,push,ex05,Single-Arm Shoulder Press,Shoulder press (single-arm),2,10,25,,,,,"12, 10, 10 @ 25 lb — 32 vs 31"
2026-07-13,push,ex05,Single-Arm Shoulder Press,Shoulder press (single-arm),3,10,25,,,,,"12, 10, 10 @ 25 lb — 32 vs 31"
2026-07-05,pull,ex20,Chin-Up,Chin-ups,1,12,,,,,,"12, 9, 7 — main pull"
2026-07-05,pull,ex20,Chin-Up,Chin-ups,2,9,,,,,,"12, 9, 7 — main pull"
2026-07-05,pull,ex20,Chin-Up,Chin-ups,3,7,,,,,,"12, 9, 7 — main pull"
2026-07-05,pull,ex49,TRX T-Row,TRX rows,1,23,,,,,,"23, 23, 23 — NEW; closest precedent TRX T's 06-22 (20/15/12)"
2026-07-05,pull,ex49,TRX T-Row,TRX rows,2,23,,,,,,"23, 23, 23 — NEW; closest precedent TRX T's 06-22 (20/15/12)"
2026-07-05,pull,ex49,TRX T-Row,TRX rows,3,23,,,,,,"23, 23, 23 — NEW; closest precedent TRX T's 06-22 (20/15/12)"
2026-07-05,pull,ex18,Dumbbell Upright Row,Dumbbell upright rows,1,10,50,yes,,,,"10, 10, 7 @ 50 lb/hand — took the 40→50 bump the log called for"
2026-07-05,pull,ex18,Dumbbell Upright Row,Dumbbell upright rows,2,10,50,yes,,,,"10, 10, 7 @ 50 lb/hand — took the 40→50 bump the log called for"
2026-07-05,pull,ex18,Dumbbell Upright Row,Dumbbell upright rows,3,7,50,yes,,,,"10, 10, 7 @ 50 lb/hand — took the 40→50 bump the log called for"
2026-07-05,pull,ex25,Incline Hammer Curl,Incline dumbbell hammer curls,1,8,40,yes,,,,"8, 8, 8 @ 40 lb/hand — even 8s vs 10/7/6 on 06-22"
2026-07-05,pull,ex25,Incline Hammer Curl,Incline dumbbell hammer curls,2,8,40,yes,,,,"8, 8, 8 @ 40 lb/hand — even 8s vs 10/7/6 on 06-22"
2026-07-05,pull,ex25,Incline Hammer Curl,Incline dumbbell hammer curls,3,8,40,yes,,,,"8, 8, 8 @ 40 lb/hand — even 8s vs 10/7/6 on 06-22"
2026-07-05,pull,ex19,TRX Bicep Curl,TRX curls,1,15,,,,,,"15, 15, 15 — bicep capper (biceps lagging)"
2026-07-05,pull,ex19,TRX Bicep Curl,TRX curls,2,15,,,,,,"15, 15, 15 — bicep capper (biceps lagging)"
2026-07-05,pull,ex19,TRX Bicep Curl,TRX curls,3,15,,,,,,"15, 15, 15 — bicep capper (biceps lagging)"
2026-07-03,push,ex32,Incline Dumbbell Bench Press,Incline dumbbell bench press,1,10,60,yes,,,,"10, 9, 8 @ 60 lb/hand — +12.5% volume vs 06-26 (9/9/6); hold 60 until 12/set"
2026-07-03,push,ex32,Incline Dumbbell Bench Press,Incline dumbbell bench press,2,9,60,yes,,,,"10, 9, 8 @ 60 lb/hand — +12.5% volume vs 06-26 (9/9/6); hold 60 until 12/set"
2026-07-03,push,ex32,Incline Dumbbell Bench Press,Incline dumbbell bench press,3,8,60,yes,,,,"10, 9, 8 @ 60 lb/hand — +12.5% volume vs 06-26 (9/9/6); hold 60 until 12/set"
2026-07-03,push,ex03,Push-up,Standard push-ups,1,10,,,,,,"10, 8, 7"
2026-07-03,push,ex03,Push-up,Standard push-ups,2,8,,,,,,"10, 8, 7"
2026-07-03,push,ex03,Push-up,Standard push-ups,3,7,,,,,,"10, 8, 7"
2026-07-03,push,ex33,Dips,Dips,1,10,,,,,,"10, 8, 5"
2026-07-03,push,ex33,Dips,Dips,2,8,,,,,,"10, 8, 5"
2026-07-03,push,ex33,Dips,Dips,3,5,,,,,,"10, 8, 5"
2026-07-03,push,ex40,TRX Tricep Extension,TRX tricep extensions,1,8,,,,,,"8, 10, 10"
2026-07-03,push,ex40,TRX Tricep Extension,TRX tricep extensions,2,10,,,,,,"8, 10, 10"
2026-07-03,push,ex40,TRX Tricep Extension,TRX tricep extensions,3,10,,,,,,"8, 10, 10"
2026-07-03,push,ex-scap,Scaption,Scaption,1,12,10,yes,,,,"12, 12, 12 @ 10 lb/hand — NEW; scapular-plane raise, shoulder-friendly"
2026-07-03,push,ex-scap,Scaption,Scaption,2,12,10,yes,,,,"12, 12, 12 @ 10 lb/hand — NEW; scapular-plane raise, shoulder-friendly"
2026-07-03,push,ex-scap,Scaption,Scaption,3,12,10,yes,,,,"12, 12, 12 @ 10 lb/hand — NEW; scapular-plane raise, shoulder-friendly"
2026-06-22,pull,ex06,Pull-up,Ring-grip pull-ups (Olympic rings),1,7,,,,,,"7, 7, 5"
2026-06-22,pull,ex06,Pull-up,Ring-grip pull-ups (Olympic rings),2,7,,,,,,"7, 7, 5"
2026-06-22,pull,ex06,Pull-up,Ring-grip pull-ups (Olympic rings),3,5,,,,,,"7, 7, 5"
2026-06-22,pull,ex18,Dumbbell Upright Row,Upright rows,1,12,40,yes,,,,"12, 12, 12 @ 40 lb/hand — easy, go up to 50 next time"
2026-06-22,pull,ex18,Dumbbell Upright Row,Upright rows,2,12,40,yes,,,,"12, 12, 12 @ 40 lb/hand — easy, go up to 50 next time"
2026-06-22,pull,ex18,Dumbbell Upright Row,Upright rows,3,12,40,yes,,,,"12, 12, 12 @ 40 lb/hand — easy, go up to 50 next time"
2026-06-22,pull,ex49,TRX T-Row,TRX T's (T-pose rows),1,20,,,,,,"20, 15, 12"
2026-06-22,pull,ex49,TRX T-Row,TRX T's (T-pose rows),2,15,,,,,,"20, 15, 12"
2026-06-22,pull,ex49,TRX T-Row,TRX T's (T-pose rows),3,12,,,,,,"20, 15, 12"
2026-06-22,pull,ex-yfly,TRX Y-Fly,TRX Y flies (curtain-opener),1,12,,,,,,"12, 12, 12 — rear delts"
2026-06-22,pull,ex-yfly,TRX Y-Fly,TRX Y flies (curtain-opener),2,12,,,,,,"12, 12, 12 — rear delts"
2026-06-22,pull,ex-yfly,TRX Y-Fly,TRX Y flies (curtain-opener),3,12,,,,,,"12, 12, 12 — rear delts"
2026-06-22,pull,ex25,Incline Hammer Curl,Incline dumbbell hammer curls,1,10,40,yes,,,,"10, 7, 6 @ 40 lb/hand"
2026-06-22,pull,ex25,Incline Hammer Curl,Incline dumbbell hammer curls,2,7,40,yes,,,,"10, 7, 6 @ 40 lb/hand"
2026-06-22,pull,ex25,Incline Hammer Curl,Incline dumbbell hammer curls,3,6,40,yes,,,,"10, 7, 6 @ 40 lb/hand"
2026-06-22,pull,ex16,Plank,Plank,,,,,,,yes,"before bed — promised pre-sleep, banked on his word"
2026-06-20,push,ex32,Incline Dumbbell Bench Press,Incline dumbbell bench press,1,10,52.5,yes,,,,"10, 10, 10 @ 52.5 lb/hand"
2026-06-20,push,ex32,Incline Dumbbell Bench Press,Incline dumbbell bench press,2,10,52.5,yes,,,,"10, 10, 10 @ 52.5 lb/hand"
2026-06-20,push,ex32,Incline Dumbbell Bench Press,Incline dumbbell bench press,3,10,52.5,yes,,,,"10, 10, 10 @ 52.5 lb/hand"
2026-06-20,push,ex31,TRX Push-up,TRX push-ups,1,12,,,,,,"12, 12, 15"
2026-06-20,push,ex31,TRX Push-up,TRX push-ups,2,12,,,,,,"12, 12, 15"
2026-06-20,push,ex31,TRX Push-up,TRX push-ups,3,15,,,,,,"12, 12, 15"
2026-06-20,push,ex33,Dips,Dips,1,7,,,,,,"7, 8, 6"
2026-06-20,push,ex33,Dips,Dips,2,8,,,,,,"7, 8, 6"
2026-06-20,push,ex33,Dips,Dips,3,6,,,,,,"7, 8, 6"
2026-06-20,push,ex05,Single-Arm Shoulder Press,Shoulder press (single-arm),1,12,20/25/25,yes,,,,"12, 10, 9 @ 20/25/25 lb per arm — bumped 20→25 (20 too easy)"
2026-06-20,push,ex05,Single-Arm Shoulder Press,Shoulder press (single-arm),2,10,20/25/25,yes,,,,"12, 10, 9 @ 20/25/25 lb per arm — bumped 20→25 (20 too easy)"
2026-06-20,push,ex05,Single-Arm Shoulder Press,Shoulder press (single-arm),3,9,20/25/25,yes,,,,"12, 10, 9 @ 20/25/25 lb per arm — bumped 20→25 (20 too easy)"
2026-06-20,push,ex40,TRX Tricep Extension,TRX tricep extensions,1,12,,,,,,"12, 12, 10"
2026-06-20,push,ex40,TRX Tricep Extension,TRX tricep extensions,2,12,,,,,,"12, 12, 10"
2026-06-20,push,ex40,TRX Tricep Extension,TRX tricep extensions,3,10,,,,,,"12, 12, 10"
2026-06-19,legs,ex12,Kettlebell Goblet Squat,Goblet squat (kettlebell),1,17,,,,,,"17, 20 — 2 sets near failure; feel: alive / flow"
2026-06-19,legs,ex12,Kettlebell Goblet Squat,Goblet squat (kettlebell),2,20,,,,,,"17, 20 — 2 sets near failure; feel: alive / flow"
2026-06-19,legs,ex15,Calf Raise,Calf raises,,,,,,,yes,enough (reps uncounted)
2026-06-19,legs,ex35,Glute Bridge,Glute bridges,,,,,,,yes,enough (reps uncounted)
2026-06-19,legs,ex-walk,Walk,Walk,,,,,,,yes,~1 mile — pump-then-walk; strong gait
